{
  "num_triplets": 1,
  "num_records": 2,
  "delta_norm_mean": 1.2612202167510986,
  "delta_norm_std": 0.00011527538299560547
}