{
  "num_triplets": 12,
  "num_records": 24,
  "delta_norm_mean": 1.2775508066018422,
  "delta_norm_std": 0.18418184686542374
}